varenr,Frequency,,,
37853,12498,,,
192617,11896,,,
24618,11653,,,
474718,9778,,,
183400,8242,,,
37846,7882,,,
519371,7114,,,
5899,6661,,,
12609,6229,,,
116657,6199,,,
19745,5681,,,
19513,5389,,,
494831,5349,,,
50526,5328,,,
56250,4770,,,
128348,4497,,,
149203,4367,,,
13102,4118,,,
145268,4079,,,
186023,3641,,,
166406,3611,,,
19019,3609,,,
510313,3457,,,
579177,3414,,,
491787,3328,,,
124347,3328,,,
688003,3220,,,
8453,3213,,,
59071,3157,,,
139170,3138,,,
388363,3064,,,
7535,3018,,,
415679,3007,,,
516039,2966,,,
429555,2953,,,
65052,2777,,,
83865,2647,,,
388371,2639,,,
516195,2591,,,
95828,2468,,,
41830,2460,,,
588905,2420,,,
11244,2419,,,
24198,2380,,,
688002,2318,,,
447490,2282,,,
487934,2260,,,
172973,2181,,,
143800,2151,,,
458356,2116,,,
415141,2110,,,
74702,2018,,,
74691,1949,,,
59014,1943,,,
579128,1893,,,
149625,1883,,,
5588,1881,,,
541060,1878,,,
141119,1858,,,
17248,1841,,,
388314,1797,,,
24503,1795,,,
62737,1785,,,
183418,1755,,,
373365,1741,,,
382507,1730,,,
22293,1719,,,
18978,1705,,,
79061,1700,,,
40833,1678,,,
90084,1662,,,
588939,1635,,,
17218,1597,,,
493718,1595,,,
174813,1591,,,
65706,1587,,,
588871,1584,,,
100025,1578,,,
388322,1545,,,
474551,1534,,,
512855,1534,,,
11018,1529,,,
135533,1515,,,
139162,1496,,,
20444,1489,,,
24231,1488,,,
23993,1484,,,
180729,1446,,,
407777,1438,,,
13679,1427,,,
559062,1419,,,
13701,1397,,,
490466,1359,,,
20343,1350,,,
93278,1348,,,
70233,1345,,,
97139,1323,,,
197400,1298,,,
409748,1296,,,
485946,1281,,,
83644,1277,,,
29066,1276,,,
7095,1273,,,
17210,1268,,,
458349,1266,,,
496950,1249,,,
6024,1246,,,
13957,1243,,,
99242,1238,,,
513911,1223,,,
568964,1200,,,
96415,1198,,,
7138,1186,,,
166395,1184,,,
14290,1167,,,
147710,1164,,,
1362,1147,,,
48744,1144,,,
515858,1132,,,
66278,1130,,,
81843,1116,,,
466094,1106,,,
128355,1087,,,
6102,1083,,,
11528,1044,,,
156810,1044,,,
184382,1026,,,
79053,1018,,,
401851,1015,,,
5635,1002,,,
55336,999,,,
93427,995,,,
435651,991,,,
155432,990,,,
140202,986,,,
488619,985,,,
149815,981,,,
21568,978,,,
416446,960,,,
19455,948,,,
76097,945,,,
10264,935,,,
108852,934,,,
518720,926,,,
4222,924,,,
559070,919,,,
11461,913,,,
50963,903,,,
4045,894,,,
195149,893,,,
400044,886,,,
162115,875,,,
4017,868,,,
116137,867,,,
515189,867,,,
152197,857,,,
398074,857,,,
27886,856,,,
376434,853,,,
135384,853,,,
192625,850,,,
23703,846,,,
65722,833,,,
22368,829,,,
42952,826,,,
394858,822,,,
511303,822,,,
45365,820,,,
9783,816,,,
115642,814,,,
381197,814,,,
11007,809,,,
61390,808,,,
14159,807,,,
493692,798,,,
9326,797,,,
498485,795,,,
497099,793,,,
489609,792,,,
500678,790,,,
159632,786,,,
462028,785,,,
458372,779,,,
15343,762,,,
418111,761,,,
102871,759,,,
522730,757,,,
71666,753,,,
593392,753,,,
57215,742,,,
416784,742,,,
147736,741,,,
23824,739,,,
431098,739,,,
486860,738,,,
373340,731,,,
2309,722,,,
428680,722,,,
73178,722,,,
575324,721,,,
56232,721,,,
91769,714,,,
143685,714,,,
22269,710,,,
76106,708,,,
168740,707,,,
515239,705,,,
494674,704,,,
59987,703,,,
8086,692,,,
15301,686,,,
153593,683,,,
498048,683,,,
17236,680,,,
107128,674,,,
22524,673,,,
448413,673,,,
97124,671,,,
487264,670,,,
488627,667,,,
43703,663,,,
25606,663,,,
108628,661,,,
580100,660,,,
6778,658,,,
438424,657,,,
505420,655,,,
520874,641,,,
143891,640,,,
475681,639,,,
537746,638,,,
38534,638,,,
466219,632,,,
54332,628,,,
54320,627,,,
124537,626,,,
16294,626,,,
3755,625,,,
3995,625,,,
512863,622,,,
122754,622,,,
20361,620,,,
7921,619,,,
28241,618,,,
513945,614,,,
42572,613,,,
120295,611,,,
414045,609,,,
537761,607,,,
7104,604,,,
178095,600,,,
414052,598,,,
533737,595,,,
66118,594,,,
73205,594,,,
145250,589,,,
417956,587,,,
579169,587,,,
97147,586,,,
490268,585,,,
21505,582,,,
545848,581,,,
529321,576,,,
522458,572,,,
23685,571,,,
18638,571,,,
10077,570,,,
452227,569,,,
23897,569,,,
139402,566,,,
92878,563,,,
479394,562,,,
161596,561,,,
80507,559,,,
81879,559,,,
54321,559,,,
22396,558,,,
37929,552,,,
17048,552,,,
107110,552,,,
71555,550,,,
462044,550,,,
401828,550,,,
88393,550,,,
21539,548,,,
94332,546,,,
531459,546,,,
4266,545,,,
138404,543,,,
13913,542,,,
28975,542,,,
55290,541,,,
4386,541,,,
63453,541,,,
95588,540,,,
463836,537,,,
91006,536,,,
183434,536,,,
152801,533,,,
81816,531,,,
494724,531,,,
96397,530,,,
116084,528,,,
443424,524,,,
10488,523,,,
23857,523,,,
11270,522,,,
52838,522,,,
452987,520,,,
468124,520,,,
2830,519,,,
88261,519,,,
488809,518,,,
124495,518,,,
464933,517,,,
474783,517,,,
4118,517,,,
424846,515,,,
143610,515,,,
418079,511,,,
11098,510,,,
44339,509,,,
416636,508,,,
140749,508,,,
95885,507,,,
388355,505,,,
29843,501,,,
493775,500,,,
522771,500,,,
13113,497,,,
103200,496,,,
21048,495,,,
563502,493,,,
16395,493,,,
4244,491,,,
991,490,,,
16979,489,,,
21394,488,,,
92655,487,,,
5,486,,,
509737,483,,,
100479,483,,,
24018,483,,,
561092,482,,,
60805,482,,,
513572,481,,,
76114,481,,,
85092,480,,,
166363,477,,,
75069,476,,,
177360,475,,,
390997,475,,,
171777,474,,,
123509,474,,,
43753,473,,,
412239,472,,,
446930,472,,,
174136,470,,,
192641,470,,,
175976,469,,,
493684,468,,,
11409,467,,,
154591,467,,,
138909,467,,,
515247,466,,,
28498,465,,,
101360,463,,,
5228,461,,,
373522,461,,,
394734,460,,,
1549,460,,,
5565,460,,,
455493,459,,,
140236,457,,,
63339,456,,,
575340,454,,,
473199,454,,,
505404,453,,,
159558,452,,,
186742,450,,,
21967,450,,,
574935,450,,,
129106,450,,,
567008,448,,,
10035,447,,,
40857,447,,,
462036,443,,,
513937,442,,,
514265,441,,,
110635,439,,,
19234,438,,,
466086,436,,,
485128,434,,,
175950,433,,,
79442,432,,,
160439,432,,,
545814,430,,,
89862,429,,,
473272,426,,,
21667,426,,,
122895,426,,,
23168,425,,,
488007,424,,,
51110,424,,,
24281,423,,,
42168,422,,,
23649,420,,,
45387,419,,,
388892,419,,,
16361,419,,,
39805,419,,,
119198,418,,,
116749,416,,,
438770,416,,,
409524,416,,,
45460,414,,,
578807,413,,,
176214,412,,,
524694,412,,,
10002,411,,,
511865,411,,,
464941,409,,,
93435,409,,,
76725,408,,,
148274,407,,,
17266,407,,,
159517,407,,,
372607,407,,,
143119,407,,,
33251,406,,,
140384,405,,,
30163,405,,,
197186,404,,,
5507,404,,,
4480,404,,,
20950,403,,,
416222,402,,,
374348,402,,,
451690,401,,,
27058,400,,,
4293,399,,,
595215,398,,,
107052,398,,,
21492,397,,,
16557,397,,,
510732,396,,,
31963,396,,,
594439,396,,,
24930,395,,,
132290,395,,,
147934,394,,,
462127,393,,,
580092,393,,,
38828,392,,,
452904,391,,,
409425,391,,,
84824,390,,,
374231,390,,,
279,389,,,
646,386,,,
167840,385,,,
18144,385,,,
7769,385,,,
91751,385,,,
49544,385,,,
537498,384,,,
22440,384,,,
29010,384,,,
23901,382,,,
18022,382,,,
520882,382,,,
44642,380,,,
516021,379,,,
74922,377,,,
7760,377,,,
69105,376,,,
89152,376,,,
13296,376,,,
189233,375,,,
490854,375,,,
22144,374,,,
90662,374,,,
12109,374,,,
91043,373,,,
162149,372,,,
500645,370,,,
416883,370,,,
120931,370,,,
18277,369,,,
438432,369,,,
18227,368,,,
76024,368,,,
455485,368,,,
527523,367,,,
490284,366,,,
426395,365,,,
5155,365,,,
386151,364,,,
143677,363,,,
40287,361,,,
56212,359,,,
80465,359,,,
114447,357,,,
529362,356,,,
16315,355,,,
527390,354,,,
51425,354,,,
81208,353,,,
142364,353,,,
409632,353,,,
374538,352,,,
415174,351,,,
48941,350,,,
530741,349,,,
452920,348,,,
530899,348,,,
31997,347,,,
64378,345,,,
406678,344,,,
81996,344,,,
76115,344,,,
38252,344,,,
7505,343,,,
490805,342,,,
527622,339,,,
145482,339,,,
68188,338,,,
21345,337,,,
142927,336,,,
15312,336,,,
122903,336,,,
107219,336,,,
25491,336,,,
584979,335,,,
17196,335,,,
111496,335,,,
23982,334,,,
7120,334,,,
494138,334,,,
395723,333,,,
466227,333,,,
524710,332,,,
52100,332,,,
5988,332,,,
10076,331,,,
115409,330,,,
164141,330,,,
121046,329,,,
120691,329,,,
164595,328,,,
537811,328,,,
65264,328,,,
39823,328,,,
463273,327,,,
466045,327,,,
140327,326,,,
428441,326,,,
5600,326,,,
4370,326,,,
1786,325,,,
10671,325,,,
469957,325,,,
586065,324,,,
1908,324,,,
460071,322,,,
28209,320,,,
77735,320,,,
116509,319,,,
416792,319,,,
171884,319,,,
130574,318,,,
34253,317,,,
59969,317,,,
25090,316,,,
113039,314,,,
22796,314,,,
3087,314,,,
106260,314,,,
3983,313,,,
23641,312,,,
10428,312,,,
151007,311,,,
69799,311,,,
24253,311,,,
23767,310,,,
176974,310,,,
137364,310,,,
24273,310,,,
15037,309,,,
154253,309,,,
459743,308,,,
88260,308,,,
93521,307,,,
388389,306,,,
142075,306,,,
38370,306,,,
101378,305,,,
38406,305,,,
174565,304,,,
162885,304,,,
56241,303,,,
493700,303,,,
550616,302,,,
162808,302,,,
43448,302,,,
117564,301,,,
174144,301,,,
17834,301,,,
90645,301,,,
578815,301,,,
12131,301,,,
135434,298,,,
24993,297,,,
512606,297,,,
581850,297,,,
22199,296,,,
154708,296,,,
8066,296,,,
144808,296,,,
1191,295,,,
58768,295,,,
460303,295,,,
160523,295,,,
567263,294,,,
4921,294,,,
1937,293,,,
486274,293,,,
12898,292,,,
20170,292,,,
487579,292,,,
511832,290,,,
101307,290,,,
487280,290,,,
28589,290,,,
21808,289,,,
26076,289,,,
13909,288,,,
447441,288,,,
14499,288,,,
20129,287,,,
427765,287,,,
11204,286,,,
541425,286,,,
383794,285,,,
490243,285,,,
5711,285,,,
404426,284,,,
584856,284,,,
512731,284,,,
52929,284,,,
73429,283,,,
513549,283,,,
5108,283,,,
87759,283,,,
189514,281,,,
58040,281,,,
508622,281,,,
16998,281,,,
22513,280,,,
15176,280,,,
93505,279,,,
90159,279,,,
504761,279,,,
441535,278,,,
452201,278,,,
464370,278,,,
21617,278,,,
143412,278,,,
505438,278,,,
382333,277,,,
463828,277,,,
92577,276,,,
14060,276,,,
118281,276,,,
171629,275,,,
97133,275,,,
414037,274,,,
113030,274,,,
137513,274,,,
56732,274,,,
74224,274,,,
25595,274,,,
192864,273,,,
41848,273,,,
13104,273,,,
578823,273,,,
39814,273,,,
12310,273,,,
1025,272,,,
490029,272,,,
20457,272,,,
560367,272,,,
559948,271,,,
111062,271,,,
148263,271,,,
81964,271,,,
135913,271,,,
12630,270,,,
560235,270,,,
73022,270,,,
13660,269,,,
162841,269,,,
149732,269,,,
9894,269,,,
90118,269,,,
388330,268,,,
41951,268,,,
122762,266,,,
461393,266,,,
14028,266,,,
53991,266,,,
552232,266,,,
422162,265,,,
171215,265,,,
90623,265,,,
143727,264,,,
503755,264,,,
479626,264,,,
274,264,,,
489591,263,,,
391268,263,,,
27946,263,,,
449595,262,,,
81216,262,,,
154484,261,,,
23802,261,,,
174433,261,,,
41103,261,,,
167577,261,,,
10127,260,,,
1628,260,,,
510553,260,,,
593269,260,,,
136499,259,,,
446088,259,,,
155390,259,,,
28870,259,,,
468447,259,,,
14679,259,,,
8584,258,,,
23949,257,,,
504092,257,,,
117580,256,,,
60905,256,,,
8055,256,,,
534024,255,,,
2284,255,,,
103416,254,,,
162896,254,,,
423442,254,,,
579151,254,,,
65466,254,,,
424309,254,,,
27938,254,,,
38729,254,,,
490797,253,,,
136143,253,,,
42978,253,,,
38901,253,,,
375884,253,,,
100453,252,,,
414680,252,,,
503342,252,,,
374835,252,,,
74215,252,,,
51622,252,,,
20826,251,,,
6215,251,,,
454165,251,,,
12933,250,,,
446195,250,,,
76137,250,,,
4171,250,,,
5757,250,,,
22110,249,,,
59669,249,,,
77719,249,,,
411918,249,,,
453175,248,,,
23835,248,,,
8606,248,,,
559021,247,,,
122687,247,,,
525220,246,,,
60913,246,,,
41012,246,,,
76079,246,,,
431783,245,,,
516955,244,,,
111955,244,,,
585141,243,,,
20741,243,,,
24187,243,,,
139287,242,,,
22939,242,,,
51761,242,,,
102319,241,,,
159640,241,,,
40543,241,,,
19239,240,,,
471425,240,,,
13646,240,,,
584797,239,,,
8102,239,,,
92869,239,,,
428672,238,,,
440123,238,,,
399510,238,,,
479352,238,,,
454199,237,,,
95836,237,,,
55313,237,,,
40261,237,,,
75358,237,,,
415331,236,,,
441444,236,,,
1463,236,,,
116160,236,,,
58956,236,,,
101287,236,,,
79969,236,,,
485393,236,,,
45127,235,,,
76033,235,,,
90779,235,,,
4193,235,,,
444315,235,,,
61424,234,,,
3228,234,,,
60097,233,,,
24336,233,,,
438788,233,,,
18005,233,,,
101296,233,,,
5685,233,,,
128058,233,,,
14785,233,,,
151029,232,,,
128686,232,,,
114173,232,,,
11960,232,,,
134544,232,,,
89094,232,,,
24366,230,,,
23886,230,,,
102863,230,,,
17327,230,,,
80942,230,,,
53462,230,,,
172601,230,,,
469932,230,,,
86625,229,,,
84301,228,,,
124675,228,,,
516187,228,,,
189522,227,,,
97881,227,,,
47769,227,,,
59650,227,,,
15718,227,,,
431759,226,,,
438457,226,,,
570796,226,,,
505610,226,,,
527879,225,,,
94314,225,,,
452219,224,,,
102769,224,,,
81861,224,,,
528851,224,,,
438333,223,,,
612,223,,,
5239,223,,,
5501,223,,,
118331,223,,,
502047,223,,,
4612,223,,,
11215,222,,,
37754,222,,,
13978,222,,,
34589,222,,,
34471,222,,,
21502,221,,,
95364,220,,,
45343,220,,,
536896,220,,,
534141,219,,,
580431,219,,,
5932,219,,,
3733,218,,,
595462,218,,,
462051,218,,,
590497,218,,,
38455,218,,,
96387,217,,,
551572,217,,,
170273,217,,,
64281,217,,,
411033,217,,,
118349,217,,,
41942,217,,,
14725,217,,,
488213,216,,,
11209,216,,,
11211,216,,,
17350,216,,,
401949,216,,,
53787,216,,,
467431,216,,,
95893,215,,,
151532,215,,,
160461,215,,,
5028,215,,,
166975,214,,,
374025,214,,,
446039,214,,,
533646,214,,,
445973,214,,,
20895,213,,,
29561,213,,,
92817,213,,,
54700,213,,,
166919,212,,,
11314,212,,,
472756,212,,,
25142,211,,,
110597,210,,,
53405,210,,,
10564,209,,,
136853,209,,,
454686,208,,,
45442,208,,,
451328,208,,,
505040,208,,,
42739,208,,,
537649,207,,,
2627,207,,,
23160,206,,,
78188,206,,,
6069,206,,,
157339,206,,,
137927,206,,,
180695,206,,,
108845,206,,,
4976,205,,,
451369,205,,,
76088,205,,,
24481,204,,,
90076,204,,,
579193,204,,,
184309,204,,,
577494,204,,,
3214,204,,,
546325,203,,,
451401,203,,,
516013,203,,,
4205,203,,,
517888,203,,,
5812,203,,,
49528,203,,,
162354,202,,,
5700,202,,,
2208,202,,,
455742,201,,,
146563,201,,,
580407,201,,,
73684,200,,,
1450,200,,,
573790,200,,,
9630,200,,,
9707,200,,,
24414,199,,,
13802,199,,,
112441,199,,,
507962,199,,,
41855,199,,,
13496,199,,,
23738,198,,,
162541,198,,,
93419,198,,,
533681,198,,,
23212,197,,,
177857,197,,,
7099,197,,,
110579,197,,,
449611,197,,,
17982,197,,,
142869,196,,,
7330,196,,,
117227,196,,,
93252,195,,,
55324,195,,,
529016,195,,,
77727,195,,,
5577,195,,,
116073,195,,,
469408,195,,,
139246,193,,,
441428,193,,,
413047,193,,,
67025,193,,,
17262,193,,,
7298,193,,,
77698,193,,,
517938,193,,,
35683,192,,,
19666,192,,,
31849,192,,,
123374,192,,,
63784,192,,,
25628,192,,,
478421,191,,,
156034,191,,,
13068,191,,,
453571,190,,,
115364,190,,,
466169,190,,,
419945,190,,,
136481,190,,,
17387,190,,,
494682,190,,,
168971,190,,,
151928,189,,,
436030,189,,,
54309,189,,,
158733,189,,,
529008,189,,,
6789,189,,,
90829,189,,,
373530,189,,,
49395,189,,,
1239,188,,,
438762,188,,,
163493,188,,,
517343,188,,,
512491,187,,,
1194,187,,,
382473,187,,,
167829,187,,,
21975,187,,,
416735,187,,,
108449,187,,,
434852,187,,,
157863,187,,,
496968,187,,,
56122,186,,,
546549,186,,,
378489,186,,,
65286,186,,,
445544,186,,,
74206,186,,,
453589,185,,,
401224,185,,,
39178,185,,,
129319,185,,,
142323,185,,,
65979,185,,,
15948,185,,,
141754,184,,,
453613,184,,,
190751,184,,,
8326,184,,,
557686,184,,,
481534,184,,,
15741,184,,,
85251,184,,,
503847,183,,,
396787,183,,,
56929,183,,,
5536,183,,,
51326,183,,,
12209,183,,,
34498,182,,,
45583,182,,,
509273,182,,,
30528,182,,,
83114,181,,,
81807,181,,,
462432,180,,,
559828,180,,,
119164,180,,,
40050,180,,,
4255,180,,,
167796,179,,,
23878,179,,,
45150,179,,,
485151,179,,,
69587,179,,,
81852,179,,,
29298,179,,,
134019,179,,,
77230,178,,,
5296,178,,,
7985,178,,,
139394,177,,,
74674,177,,,
33623,177,,,
21766,177,,,
557416,177,,,
15765,177,,,
403929,176,,,
490821,176,,,
485904,176,,,
6091,176,,,
38190,176,,,
142059,176,,,
4233,176,,,
3023,176,,,
85094,176,,,
14677,176,,,
441568,175,,,
166864,175,,,
153895,175,,,
7107,175,,,
81870,175,,,
158287,175,,,
99093,175,,,
470385,175,,,
4981,174,,,
452953,174,,,
7008,174,,,
144030,174,,,
16216,174,,,
136684,174,,,
30709,174,,,
505867,174,,,
37358,174,,,
10283,173,,,
129685,173,,,
94323,173,,,
20192,173,,,
567545,173,,,
508952,173,,,
143602,173,,,
193938,173,,,
25587,173,,,
2350,172,,,
1408,172,,,
60912,172,,,
401505,172,,,
100030,172,,,
17326,172,,,
146697,172,,,
77455,172,,,
517953,172,,,
86011,172,,,
5845,172,,,
1115,171,,,
164584,171,,,
162099,171,,,
107821,171,,,
130021,171,,,
194696,171,,,
24209,171,,,
1394,170,,,
418715,170,,,
465252,170,,,
69184,170,,,
19072,170,,,
29177,170,,,
460196,170,,,
21044,169,,,
518241,169,,,
77987,169,,,
25009,169,,,
4586,169,,,
61205,169,,,
114090,168,,,
465450,168,,,
48932,168,,,
84560,168,,,
23971,168,,,
162636,168,,,
452995,168,,,
451682,168,,,
16296,168,,,
16307,168,,,
42879,168,,,
52975,168,,,
59063,167,,,
9386,167,,,
5733,166,,,
503284,166,,,
409977,166,,,
14717,166,,,
453480,165,,,
35808,165,,,
578799,165,,,
528315,165,,,
586602,164,,,
18898,164,,,
593434,164,,,
518050,164,,,
4298,164,,,
11008,163,,,
141663,163,,,
60830,163,,,
43856,163,,,
445759,163,,,
2294,163,,,
526798,162,,,
24973,162,,,
116342,162,,,
570242,162,,,
77693,162,,,
63500,162,,,
115048,161,,,
33924,161,,,
593384,161,,,
47340,160,,,
10356,160,,,
55279,160,,,
530188,160,,,
155515,160,,,
468082,160,,,
570457,159,,,
6606,159,,,
118315,159,,,
11978,158,,,
443143,158,,,
483663,158,,,
116331,157,,,
68445,157,,,
31999,157,,,
503144,157,,,
37531,157,,,
35064,156,,,
24514,156,,,
13901,156,,,
35485,156,,,
137521,156,,,
545194,156,,,
91842,156,,,
75291,156,,,
75267,156,,,
63374,156,,,
418095,156,,,
496810,156,,,
427245,155,,,
93178,155,,,
22807,155,,,
30072,155,,,
7133,155,,,
13668,154,,,
87914,154,,,
29078,154,,,
426189,154,,,
411751,154,,,
146530,154,,,
566182,154,,,
323,154,,,
16165,154,,,
147512,154,,,
15448,154,,,
3310,154,,,
14760,154,,,
504183,154,,,
13546,154,,,
34461,153,,,
495168,153,,,
66424,153,,,
570838,153,,,
40032,153,,,
14187,153,,,
130013,153,,,
490839,152,,,
17572,152,,,
77689,152,,,
455279,152,,,
154377,152,,,
27877,152,,,
110976,152,,,
84194,151,,,
382465,151,,,
453993,151,,,
198303,151,,,
7548,151,,,
7600,151,,,
28986,151,,,
553339,151,,,
71205,150,,,
113704,150,,,
155465,150,,,
479238,150,,,
25513,150,,,
504225,150,,,
459859,150,,,
85269,150,,,
503466,149,,,
50914,148,,,
384941,148,,,
45015,148,,,
493908,148,,,
505032,148,,,
543124,148,,,
13302,148,,,
567685,148,,,
45162,147,,,
123787,147,,,
575191,147,,,
87342,147,,,
117820,146,,,
503722,146,,,
116368,146,,,
488650,146,,,
17223,146,,,
76061,146,,,
39415,146,,,
562074,145,,,
81134,145,,,
438218,145,,,
558874,145,,,
7952,145,,,
5390,145,,,
192382,145,,,
384636,144,,,
46925,144,,,
41178,144,,,
411496,144,,,
472229,144,,,
6865,144,,,
183996,144,,,
145698,144,,,
15887,144,,,
541417,144,,,
155150,144,,,
86772,143,,,
164275,143,,,
561084,143,,,
22811,143,,,
569509,143,,,
378943,143,,,
163089,142,,,
57554,142,,,
185454,142,,,
148452,142,,,
120907,142,,,
23661,141,,,
479527,141,,,
415885,141,,,
7129,141,,,
81834,141,,,
170262,141,,,
171660,141,,,
18990,141,,,
99135,141,,,
75333,141,,,
129916,140,,,
526962,140,,,
166886,140,,,
11637,140,,,
126938,140,,,
7144,140,,,
567511,140,,,
36145,140,,,
85290,140,,,
118125,140,,,
3939,139,,,
502690,139,,,
561035,139,,,
462358,139,,,
18233,139,,,
93799,139,,,
8612,139,,,
198838,138,,,
106443,138,,,
504266,138,,,
137554,137,,,
56481,137,,,
6121,137,,,
36459,136,,,
515833,136,,,
22870,136,,,
79842,136,,,
184671,136,,,
6579,136,,,
61070,136,,,
74760,135,,,
166875,135,,,
135244,135,,,
426312,135,,,
426197,135,,,
100198,135,,,
51040,135,,,
87445,135,,,
192831,134,,,
48923,134,,,
95232,134,,,
141515,134,,,
152058,134,,,
20118,134,,,
100015,134,,,
7155,134,,,
534,134,,,
434209,134,,,
473512,134,,,
155472,134,,,
39406,134,,,
542738,134,,,
552927,133,,,
174664,133,,,
11913,133,,,
173419,133,,,
145466,133,,,
161918,133,,,
7986,133,,,
4006,133,,,
77701,133,,,
24059,133,,,
418731,132,,,
537275,132,,,
272,132,,,
18840,132,,,
492405,132,,,
144378,132,,,
12078,132,,,
10011,131,,,
18011,131,,,
162797,131,,,
434233,131,,,
117135,131,,,
129308,131,,,
373324,131,,,
144409,131,,,
20356,130,,,
78013,130,,,
8383,130,,,
156109,130,,,
7515,130,,,
480343,130,,,
13994,129,,,
102277,129,,,
22600,129,,,
7039,129,,,
74261,129,,,
14595,129,,,
494559,129,,,
34348,128,,,
23581,128,,,
10472,128,,,
117796,128,,,
59824,128,,,
468915,128,,,
534727,128,,,
21614,128,,,
451385,128,,,
29021,128,,,
20713,128,,,
240,128,,,
17475,128,,,
5066,128,,,
157929,128,,,
88781,128,,,
85278,128,,,
12516,127,,,
10005,127,,,
84256,127,,,
540989,127,,,
130617,127,,,
24991,127,,,
20159,127,,,
56190,127,,,
81319,127,,,
19541,127,,,
567529,127,,,
7625,127,,,
111651,127,,,
25020,127,,,
52952,127,,,
553206,127,,,
380956,126,,,
125375,126,,,
8452,126,,,
181099,126,,,
5025,126,,,
64179,126,,,
384446,126,,,
178004,126,,,
470708,126,,,
108853,126,,,
465526,125,,,
21033,125,,,
174532,125,,,
560417,125,,,
490813,125,,,
135723,125,,,
495127,125,,,
136695,125,,,
136986,125,,,
14343,125,,,
443200,125,,,
516211,125,,,
12243,125,,,
24276,125,,,
24781,124,,,
10057,124,,,
85633,124,,,
130816,124,,,
13197,124,,,
567693,124,,,
166941,123,,,
10429,123,,,
417311,123,,,
568519,123,,,
89847,123,,,
527457,123,,,
15754,123,,,
193813,123,,,
591461,123,,,
24176,123,,,
409763,123,,,
86552,123,,,
120485,123,,,
499020,122,,,
84293,122,,,
22188,122,,,
23867,122,,,
522441,122,,,
113267,122,,,
66076,122,,,
447482,122,,,
507660,122,,,
120923,122,,,
197194,121,,,
135253,121,,,
19454,121,,,
8235,121,,,
409516,121,,,
469148,121,,,
16276,121,,,
7920,121,,,
399915,121,,,
398747,121,,,
469346,121,,,
466680,120,,,
400143,120,,,
161132,120,,,
140814,120,,,
511329,120,,,
100040,120,,,
447641,120,,,
389901,120,,,
6382,120,,,
162933,120,,,
76092,120,,,
14198,120,,,
3279,120,,,
51699,120,,,
3746,119,,,
478727,119,,,
22419,119,,,
23847,119,,,
101284,119,,,
8194,119,,,
17251,119,,,
80747,119,,,
77942,119,,,
565374,119,,,
25496,119,,,
164164,118,,,
23845,118,,,
21402,118,,,
377242,118,,,
409474,118,,,
123820,118,,,
435594,118,,,
142190,118,,,
118076,118,,,
85260,118,,,
37687,117,,,
11222,117,,,
535807,117,,,
390260,117,,,
378349,117,,,
30494,117,,,
424895,117,,,
5005,117,,,
166157,117,,,
99112,117,,,
372615,117,,,
181255,117,,,
167282,117,,,
3430,117,,,
578513,117,,,
415133,116,,,
97870,116,,,
116198,116,,,
101461,116,,,
110775,116,,,
173619,116,,,
86108,116,,,
13690,115,,,
47159,115,,,
151217,115,,,
86801,115,,,
61706,115,,,
11926,115,,,
160267,115,,,
91015,115,,,
435834,115,,,
15389,115,,,
87312,115,,,
5764,115,,,
419242,115,,,
61079,115,,,
456236,115,,,
180125,115,,,
25535,115,,,
97356,114,,,
115375,114,,,
585158,114,,,
50971,114,,,
22675,114,,,
46797,114,,,
497077,114,,,
91034,114,,,
388298,114,,,
117208,114,,,
409847,114,,,
4855,114,,,
382730,113,,,
49684,113,,,
12820,113,,,
500041,113,,,
10379,113,,,
19515,113,,,
173013,113,,,
8562,113,,,
43798,113,,,
4241,113,,,
48017,113,,,
25617,113,,,
570358,112,,,
101369,112,,,
67705,112,,,
78980,112,,,
467241,112,,,
15652,112,,,
528679,112,,,
11198,111,,,
429506,111,,,
116353,111,,,
11947,111,,,
463500,111,,,
558335,111,,,
78015,111,,,
6134,111,,,
111995,111,,,
444406,111,,,
590513,111,,,
5922,111,,,
560193,110,,,
11163,110,,,
453423,110,,,
177337,110,,,
23911,110,,,
379875,110,,,
58910,110,,,
69596,110,,,
55889,110,,,
30544,110,,,
17903,110,,,
444471,110,,,
5674,110,,,
40742,110,,,
553313,110,,,
142986,109,,,
11233,109,,,
22036,109,,,
167818,109,,,
10425,109,,,
115014,109,,,
539668,109,,,
173344,109,,,
165975,109,,,
94906,109,,,
427534,109,,,
42296,109,,,
410290,109,,,
543199,109,,,
875,109,,,
39503,109,,,
74195,109,,,
397380,109,,,
374546,109,,,
488038,108,,,
50931,108,,,
12786,108,,,
48662,108,,,
18044,108,,,
164829,108,,,
488585,108,,,
17668,108,,,
88850,108,,,
25270,108,,,
86543,108,,,
11262,107,,,
455733,107,,,
573089,107,,,
167785,107,,,
141432,107,,,
33612,107,,,
19492,107,,,
377772,107,,,
7613,107,,,
388306,107,,,
6928,107,,,
51349,107,,,
385344,107,,,
4888,107,,,
176435,106,,,
69433,106,,,
81604,106,,,
135855,106,,,
18685,106,,,
530113,106,,,
8865,106,,,
17835,106,,,
509868,106,,,
6828,106,,,
51244,106,,,
4213,106,,,
75325,106,,,
75309,106,,,
528638,106,,,
14540,106,,,
512467,105,,,
2387,105,,,
50922,105,,,
585232,105,,,
513473,105,,,
415117,105,,,
116400,105,,,
58735,105,,,
57513,105,,,
19512,105,,,
554140,105,,,
170001,105,,,
408724,105,,,
99737,105,,,
3578,105,,,
12513,104,,,
127518,104,,,
128256,104,,,
480699,104,,,
22616,104,,,
71860,104,,,
135264,104,,,
10983,104,,,
463440,104,,,
29116,104,,,
135509,104,,,
541870,104,,,
131342,104,,,
64641,104,,,
4813,104,,,
496935,104,,,
381194,103,,,
442705,103,,,
528984,103,,,
71998,103,,,
8060,103,,,
55302,103,,,
482137,103,,,
548,103,,,
29512,103,,,
5672,103,,,
25053,103,,,
52888,103,,,
84052,102,,,
102164,102,,,
23335,102,,,
488049,102,,,
24896,102,,,
173575,102,,,
21906,102,,,
17270,102,,,
68913,102,,,
111770,102,,,
90252,102,,,
6840,102,,,
141044,102,,,
418004,102,,,
116731,101,,,
551937,101,,,
492850,101,,,
24970,101,,,
594382,101,,,
559500,101,,,
9408,101,,,
66050,101,,,
6138,101,,,
555409,101,,,
16337,101,,,
594610,101,,,
110080,101,,,
6623,101,,,
455337,101,,,
479436,101,,,
5933,101,,,
2071,101,,,
13485,101,,,
86843,100,,,
502633,100,,,
162784,100,,,
45682,100,,,
524744,100,,,
187377,100,,,
7735,100,,,
443135,100,,,
83103,99,,,
12976,99,,,
117788,99,,,
21265,99,,,
584961,99,,,
96958,99,,,
81013,99,,,
379883,99,,,
8077,99,,,
511443,99,,,
8273,99,,,
8295,99,,,
81588,99,,,
66187,99,,,
20847,99,,,
173658,99,,,
41898,99,,,
469890,99,,,
5902,99,,,
85068,99,,,
182873,99,,,
4838,99,,,
4952,99,,,
86634,98,,,
72021,98,,,
127495,98,,,
85612,98,,,
103124,98,,,
21302,98,,,
10684,98,,,
83790,98,,,
18344,98,,,
500512,98,,,
448795,98,,,
447466,98,,,
30577,98,,,
161646,98,,,
532101,98,,,
14584,98,,,
52862,98,,,
13712,97,,,
13881,97,,,
84551,97,,,
23756,97,,,
89003,97,,,
6149,97,,,
5250,97,,,
16515,97,,,
64360,97,,,
373951,97,,,
13119,97,,,
370759,96,,,
500434,96,,,
49650,96,,,
1196,96,,,
59273,96,,,
12761,96,,,
384925,96,,,
414920,96,,,
22785,96,,,
9321,96,,,
509138,96,,,
94896,96,,,
556936,96,,,
16028,96,,,
17505,96,,,
135441,96,,,
551234,96,,,
28861,96,,,
64623,96,,,
373571,96,,,
493338,96,,,
179564,96,,,
76713,96,,,
154831,95,,,
25772,95,,,
503961,95,,,
116434,95,,,
451716,95,,,
198747,95,,,
386238,95,,,
17361,95,,,
28121,95,,,
171652,95,,,
16526,95,,,
51029,95,,,
90997,95,,,
38325,95,,,
25126,95,,,
108522,95,,,
567834,95,,,
419069,95,,,
441341,94,,,
513507,94,,,
163246,94,,,
455915,94,,,
22103,94,,,
416123,94,,,
22441,94,,,
23962,94,,,
100231,94,,,
19167,94,,,
595421,94,,,
137396,94,,,
136044,94,,,
411835,94,,,
17453,94,,,
184267,94,,,
5526,94,,,
26344,94,,,
73197,94,,,
548495,93,,,
35154,93,,,
35170,93,,,
24838,93,,,
129441,93,,,
454173,93,,,
45713,93,,,
522142,93,,,
115782,93,,,
549899,93,,,
92379,93,,,
17368,93,,,
19968,93,,,
20911,93,,,
29546,93,,,
447003,93,,,
109340,93,,,
16883,93,,,
74393,93,,,
131292,93,,,
541128,93,,,
452243,92,,,
24485,92,,,
24780,92,,,
48707,92,,,
163151,92,,,
1527,92,,,
10635,92,,,
19195,92,,,
521203,92,,,
545160,92,,,
138501,92,,,
463265,92,,,
8545,92,,,
385062,92,,,
542241,92,,,
108068,92,,,
168716,92,,,
13024,92,,,
494792,92,,,
39796,92,,,
169673,92,,,
13762,91,,,
572016,91,,,
59485,91,,,
22867,91,,,
20269,91,,,
43126,91,,,
183763,91,,,
461871,91,,,
5217,91,,,
15367,91,,,
27304,91,,,
384602,91,,,
28888,91,,,
87333,91,,,
516294,91,,,
24301,91,,,
10334,90,,,
23599,90,,,
22708,90,,,
162705,90,,,
488684,90,,,
499480,90,,,
19882,90,,,
7303,90,,,
122793,90,,,
435538,90,,,
410282,90,,,
134352,90,,,
588277,90,,,
553289,90,,,
143108,90,,,
85407,89,,,
489459,89,,,
10738,89,,,
81091,89,,,
57547,89,,,
43043,89,,,
81330,89,,,
560326,89,,,
485797,89,,,
77397,89,,,
8903,89,,,
39082,89,,,
15461,89,,,
444455,89,,,
446807,89,,,
51847,89,,,
33191,88,,,
175974,88,,,
33590,88,,,
159244,88,,,
148411,88,,,
162776,88,,,
21721,88,,,
8320,88,,,
549857,88,,,
170251,88,,,
135871,88,,,
20806,88,,,
91553,88,,,
570887,88,,,
7566,88,,,
401976,88,,,
27013,88,,,
479261,88,,,
167396,88,,,
443408,88,,,
506808,88,,,
13535,88,,,
25444,88,,,
11224,87,,,
11662,87,,,
116153,87,,,
23868,87,,,
22533,87,,,
584722,87,,,
18001,87,,,
31099,87,,,
176610,87,,,
379438,87,,,
42287,87,,,
15042,87,,,
884,87,,,
26195,87,,,
90746,87,,,
180646,87,,,
40823,87,,,
13889,86,,,
116327,86,,,
103192,86,,,
71712,86,,,
21511,86,,,
21899,86,,,
7051,86,,,
560375,86,,,
81825,86,,,
42347,86,,,
17309,86,,,
17458,86,,,
411637,86,,,
173641,86,,,
137901,86,,,
5494,86,,,
468739,86,,,
5569,86,,,
25097,86,,,
97087,86,,,
399881,86,,,
414029,85,,,
189829,85,,,
1417,85,,,
479741,85,,,
72932,85,,,
23907,85,,,
20081,85,,,
198101,85,,,
440610,85,,,
509042,85,,,
91055,85,,,
530337,85,,,
542183,85,,,
448779,85,,,
450734,85,,,
503581,85,,,
99218,85,,,
398604,85,,,
2064,85,,,
97115,85,,,
62467,85,,,
577068,85,,,
48643,84,,,
140186,84,,,
528992,84,,,
21335,84,,,
95513,84,,,
123240,84,,,
101857,84,,,
20451,84,,,
31351,84,,,
124123,84,,,
426106,84,,,
426239,84,,,
28032,84,,,
543236,84,,,
7797,84,,,
172528,84,,,
39553,84,,,
3137,84,,,
48090,84,,,
530540,84,,,
98970,83,,,
22451,83,,,
10446,83,,,
45424,83,,,
112458,83,,,
20628,83,,,
524504,83,,,
18590,83,,,
423723,83,,,
496794,83,,,
422327,83,,,
27031,83,,,
545806,83,,,
184572,83,,,
77670,83,,,
417170,83,,,
553311,83,,,
121551,83,,,
469403,83,,,
24650,82,,,
176560,82,,,
11257,82,,,
128850,82,,,
22197,82,,,
94078,82,,,
167999,82,,,
34725,82,,,
547620,82,,,
56507,82,,,
152991,82,,,
9860,82,,,
9998,82,,,
78697,82,,,
143453,82,,,
63398,82,,,
552240,82,,,
2271,82,,,
26886,82,,,
34230,81,,,
154728,81,,,
477017,81,,,
47894,81,,,
413070,81,,,
93687,81,,,
31567,81,,,
388850,81,,,
43780,81,,,
7434,81,,,
582775,81,,,
592121,81,,,
519207,81,,,
454124,81,,,
178061,81,,,
192393,81,,,
38234,81,,,
38224,81,,,
13035,81,,,
121699,81,,,
25609,81,,,
153601,80,,,
2547,80,,,
427062,80,,,
13989,80,,,
1326,80,,,
152517,80,,,
62931,80,,,
465229,80,,,
10610,80,,,
1925,80,,,
150319,80,,,
675,80,,,
18995,80,,,
134085,80,,,
451989,80,,,
530972,80,,,
52953,80,,,
11261,79,,,
11604,79,,,
95216,79,,,
154732,79,,,
523928,79,,,
7029,79,,,
79833,79,,,
8904,79,,,
17679,79,,,
28407,79,,,
42986,79,,,
5513,79,,,
179572,79,,,
13135,79,,,
170514,79,,,
4655,79,,,
39978,79,,,
590158,79,,,
14852,79,,,
25408,79,,,
203190,79,,,
385229,79,,,
36319,78,,,
189688,78,,,
394866,78,,,
22051,78,,,
96685,78,,,
1788,78,,,
23862,78,,,
192997,78,,,
19094,78,,,
20362,78,,,
500637,78,,,
500660,78,,,
8421,78,,,
9935,78,,,
9999,78,,,
67714,78,,,
922,78,,,
421768,78,,,
39776,78,,,
156349,78,,,
565325,78,,,
398776,78,,,
2250,78,,,
49825,77,,,
61481,77,,,
85615,77,,,
11563,77,,,
22179,77,,,
571125,77,,,
18332,77,,,
145490,77,,,
28249,77,,,
485516,77,,,
75248,77,,,
157973,77,,,
415273,76,,,
141671,76,,,
479766,76,,,
429482,76,,,
10240,76,,,
153437,76,,,
154739,76,,,
456939,76,,,
192922,76,,,
160953,76,,,
158208,76,,,
566992,76,,,
40842,76,,,
24320,75,,,
478990,75,,,
95083,75,,,
11483,75,,,
23760,75,,,
23873,75,,,
45354,75,,,
21340,75,,,
19037,75,,,
498220,75,,,
402305,75,,,
524736,75,,,
137473,75,,,
125,75,,,
461939,75,,,
18681,75,,,
15018,75,,,
15211,75,,,
75028,75,,,
14025,75,,,
419622,75,,,
5755,75,,,
14727,75,,,
384123,75,,,
23139,74,,,
1213,74,,,
11247,74,,,
61687,74,,,
454454,74,,,
11626,74,,,
418657,74,,,
32567,74,,,
17145,74,,,
91009,74,,,
18694,74,,,
344,74,,,
485813,74,,,
16727,74,,,
541888,74,,,
97288,74,,,
23222,73,,,
491464,73,,,
21158,73,,,
104489,73,,,
178616,73,,,
47952,73,,,
451732,73,,,
536842,73,,,
512915,73,,,
31393,73,,,
137455,73,,,
19753,73,,,
422402,73,,,
30288,73,,,
458455,73,,,
90263,73,,,
664,73,,,
474994,73,,,
89573,73,,,
27240,73,,,
110260,73,,,
480335,73,,,
88653,73,,,
74197,73,,,
74251,73,,,
38516,73,,,
2328,72,,,
142851,72,,,
559013,72,,,
141994,72,,,
48716,72,,,
127507,72,,,
98942,72,,,
10358,72,,,
451740,72,,,
573982,72,,,
18008,72,,,
8251,72,,,
485888,72,,,
135979,72,,,
16404,72,,,
16548,72,,,
40423,72,,,
99271,72,,,
13233,72,,,
108514,72,,,
24026,72,,,
385146,72,,,
459974,72,,,
143218,72,,,
14880,72,,,
550673,71,,,
141945,71,,,
12597,71,,,
574541,71,,,
22624,71,,,
389395,71,,,
159103,71,,,
173393,71,,,
400093,71,,,
10926,71,,,
149097,71,,,
7109,71,,,
78051,71,,,
18597,71,,,
373,71,,,
132159,71,,,
206615,71,,,
110324,71,,,
6617,71,,,
588392,71,,,
14261,71,,,
408757,71,,,
143631,71,,,
3123,71,,,
406204,71,,,
193329,71,,,
516427,71,,,
410738,71,,,
176321,70,,,
49791,70,,,
153871,70,,,
537480,70,,,
57033,70,,,
503680,70,,,
100378,70,,,
135275,70,,,
390070,70,,,
95943,70,,,
92023,70,,,
438465,70,,,
403533,70,,,
18594,70,,,
55509,70,,,
20989,70,,,
475,70,,,
7649,70,,,
7721,70,,,
147694,70,,,
14094,70,,,
75366,70,,,
5793,70,,,
61275,70,,,
385260,70,,,
440215,69,,,
3916,69,,,
1505,69,,,
467886,69,,,
104505,69,,,
22490,69,,,
82215,69,,,
19261,69,,,
56183,69,,,
476648,69,,,
93496,69,,,
571034,69,,,
152967,69,,,
7118,69,,,
15070,69,,,
161613,69,,,
895,69,,,
417097,69,,,
142307,69,,,
527358,69,,,
517813,69,,,
383000,69,,,
529524,69,,,
536433,68,,,
535021,68,,,
11202,68,,,
23182,68,,,
113043,68,,,
11279,68,,,
480897,68,,,
417584,68,,,
23723,68,,,
23813,68,,,
57141,68,,,
1974,68,,,
135130,68,,,
559401,68,,,
174060,68,,,
571046,68,,,
31758,68,,,
448761,68,,,
411642,68,,,
79978,68,,,
6850,68,,,
4231,68,,,
50153,68,,,
493148,68,,,
157552,68,,,
61056,68,,,
104760,67,,,
62662,67,,,
48616,67,,,
13958,67,,,
73585,67,,,
491704,67,,,
48689,67,,,
478438,67,,,
22240,67,,,
116141,67,,,
1706,67,,,
449587,67,,,
475483,67,,,
7290,67,,,
18671,67,,,
8647,67,,,
496554,67,,,
461889,67,,,
460345,67,,,
145029,67,,,
7864,67,,,
180448,67,,,
527598,67,,,
588319,67,,,
14459,67,,,
38646,67,,,
373411,67,,,
4731,67,,,
3984,66,,,
453498,66,,,
453282,66,,,
72901,66,,,
113639,66,,,
9251,66,,,
67108,66,,,
19551,66,,,
7073,66,,,
560359,66,,,
21901,66,,,
17159,66,,,
68882,66,,,
581744,66,,,
78485,66,,,
543330,66,,,
108308,66,,,
8936,66,,,
89615,66,,,
87189,66,,,
141063,66,,,
13079,66,,,
15839,66,,,
15747,66,,,
183947,66,,,
516161,66,,,
25524,66,,,
85515,65,,,
48725,65,,,
86932,65,,,
10584,65,,,
10639,65,,,
20152,65,,,
160051,65,,,
78060,65,,,
157369,65,,,
514,65,,,
565,65,,,
7693,65,,,
18994,65,,,
518076,65,,,
121006,65,,,
486638,65,,,
159541,65,,,
6637,65,,,
53641,65,,,
14016,65,,,
16892,65,,,
14389,65,,,
396051,65,,,
87601,65,,,
385211,65,,,
598708,64,,,
127461,64,,,
23045,64,,,
11031,64,,,
416644,64,,,
164264,64,,,
37945,64,,,
488056,64,,,
24871,64,,,
563684,64,,,
189220,64,,,
23833,64,,,
82158,64,,,
20104,64,,,
521112,64,,,
83751,64,,,
10951,64,,,
18078,64,,,
8099,64,,,
476474,64,,,
102778,64,,,
150409,64,,,
19925,64,,,
80833,64,,,
8896,64,,,
27049,64,,,
55915,64,,,
6391,64,,,
498980,64,,,
496190,64,,,
16642,64,,,
5525,64,,,
16927,64,,,
2265,64,,,
86534,64,,,
166952,63,,,
415338,63,,,
153536,63,,,
50846,63,,,
177717,63,,,
49965,63,,,
524173,63,,,
551606,63,,,
490094,63,,,
34116,63,,,
24959,63,,,
167734,63,,,
97824,63,,,
102889,63,,,
521104,63,,,
10827,63,,,
33624,63,,,
20529,63,,,
138396,63,,,
562983,63,,,
8412,63,,,
459727,63,,,
433045,63,,,
19987,63,,,
41302,63,,,
434019,63,,,
27286,63,,,
7910,63,,,
77686,63,,,
87114,63,,,
478104,63,,,
99226,63,,,
157951,63,,,
538140,63,,,
6966,63,,,
155531,63,,,
506972,63,,,
27942,63,,,
4893,63,,,
4955,63,,,
465427,62,,,
106906,62,,,
83160,62,,,
514505,62,,,
10312,62,,,
34231,62,,,
420877,62,,,
71656,62,,,
535823,62,,,
10820,62,,,
101709,62,,,
10947,62,,,
474163,62,,,
57802,62,,,
137451,62,,,
8309,62,,,
101352,62,,,
125331,62,,,
29166,62,,,
9739,62,,,
80842,62,,,
8964,62,,,
80980,62,,,
28442,62,,,
509935,62,,,
570465,62,,,
5355,62,,,
411181,62,,,
100823,62,,,
15378,62,,,
493577,62,,,
27659,62,,,
468165,62,,,
143009,62,,,
74468,62,,,
132498,62,,,
182732,62,,,
536425,61,,,
11251,61,,,
561027,61,,,
514588,61,,,
503821,61,,,
418830,61,,,
456871,61,,,
22430,61,,,
432930,61,,,
161190,61,,,
58843,61,,,
198150,61,,,
525931,61,,,
79269,61,,,
44760,61,,,
79540,61,,,
145208,61,,,
385054,61,,,
9987,61,,,
41169,61,,,
173716,61,,,
7670,61,,,
413880,61,,,
171000,61,,,
197590,61,,,
520346,61,,,
7957,61,,,
195156,61,,,
17981,61,,,
41740,61,,,
106328,61,,,
143362,61,,,
26331,61,,,
4488,61,,,
108571,61,,,
567719,61,,,
3860,60,,,
382457,60,,,
1318,60,,,
1340,60,,,
502802,60,,,
22142,60,,,
34405,60,,,
123031,60,,,
95547,60,,,
19086,60,,,
485006,60,,,
510222,60,,,
487459,60,,,
8424,60,,,
170100,60,,,
55756,60,,,
64190,60,,,
197632,60,,,
534990,60,,,
17810,60,,,
100910,60,,,
426957,60,,,
455329,60,,,
16842,60,,,
142349,60,,,
4467,60,,,
25107,60,,,
52895,60,,,
5910,60,,,
158938,60,,,
12439,59,,,
428524,59,,,
101070,59,,,
60296,59,,,
115568,59,,,
11551,59,,,
166530,59,,,
12986,59,,,
154761,59,,,
550162,59,,,
116384,59,,,
101691,59,,,
390427,59,,,
149108,59,,,
426486,59,,,
7030,59,,,
9910,59,,,
168112,59,,,
411470,59,,,
14203,59,,,
467361,59,,,
143609,59,,,
155648,59,,,
179606,59,,,
169695,59,,,
37432,59,,,
459867,59,,,
11115,58,,,
452209,58,,,
12524,58,,,
13907,58,,,
1304,58,,,
117550,58,,,
72402,58,,,
95262,58,,,
22452,58,,,
23841,58,,,
417329,58,,,
534743,58,,,
412205,58,,,
81152,58,,,
381814,58,,,
162156,58,,,
546051,58,,,
9637,58,,,
185049,58,,,
81798,58,,,
31559,58,,,
19898,58,,,
421016,58,,,
505255,58,,,
506584,58,,,
156154,58,,,
410175,58,,,
172957,58,,,
91686,58,,,
579144,58,,,
136673,58,,,
425736,58,,,
16789,58,,,
87379,58,,,
28964,58,,,
14470,58,,,
445676,58,,,
12123,58,,,
4903,58,,,
394726,57,,,
1068,57,,,
126294,57,,,
176479,57,,,
85792,57,,,
72507,57,,,
384610,57,,,
22515,57,,,
527614,57,,,
58438,57,,,
70284,57,,,
44107,57,,,
10980,57,,,
43148,57,,,
162123,57,,,
9462,57,,,
8215,57,,,
164871,57,,,
20992,57,,,
447755,57,,,
77205,57,,,
17538,57,,,
520379,57,,,
42997,57,,,
503433,57,,,
143396,57,,,
142000,57,,,
444430,57,,,
3078,57,,,
384321,57,,,
171924,57,,,
13273,57,,,
13379,57,,,
132495,57,,,
566373,57,,,
37678,56,,,
416513,56,,,
440183,56,,,
104836,56,,,
23726,56,,,
129674,56,,,
162628,56,,,
197251,56,,,
380710,56,,,
114664,56,,,
597575,56,,,
578276,56,,,
16192,56,,,
43762,56,,,
90134,56,,,
80824,56,,,
66563,56,,,
40023,56,,,
162949,56,,,
51011,56,,,
558782,56,,,
38174,56,,,
129098,56,,,
6811,56,,,
5722,56,,,
3140,56,,,
14407,56,,,
13244,56,,,
419041,56,,,
4842,56,,,
4876,56,,,
49524,56,,,
106128,56,,,
482331,56,,,
444075,56,,,
48625,55,,,
46086,55,,,
72480,55,,,
406751,55,,,
480863,55,,,
478263,55,,,
185237,55,,,
22727,55,,,
413518,55,,,
94321,55,,,
69477,55,,,
172122,55,,,
188829,55,,,
21890,55,,,
17134,55,,,
19792,55,,,
477828,55,,,
427542,55,,,
7264,55,,,
170118,55,,,
469189,55,,,
472442,55,,,
17523,55,,,
112704,55,,,
16318,55,,,
40360,55,,,
63181,55,,,
65715,55,,,
116062,55,,,
554840,55,,,
5837,55,,,
62265,55,,,
517755,55,,,
420372,55,,,
5976,55,,,
434951,55,,,
14662,55,,,
179135,55,,,
24290,55,,,
23148,54,,,
96112,54,,,
418970,54,,,
72306,54,,,
151191,54,,,
34322,54,,,
405548,54,,,
10408,54,,,
45078,54,,,
563485,54,,,
1789,54,,,
114967,54,,,
559971,54,,,
9092,54,,,
21577,54,,,
17047,54,,,
19655,54,,,
125364,54,,,
137385,54,,,
20914,54,,,
132096,54,,,
525,54,,,
460046,54,,,
688001,54,,,
4094,54,,,
87197,54,,,
5641,54,,,
16969,54,,,
5790,54,,,
85050,54,,,
13386,54,,,
192228,54,,,
166930,53,,,
12471,53,,,
503813,53,,,
130823,53,,,
128454,53,,,
164175,53,,,
453035,53,,,
45142,53,,,
72950,53,,,
519033,53,,,
19012,53,,,
160259,53,,,
522516,53,,,
10999,53,,,
18095,53,,,
18075,53,,,
58923,53,,,
476655,53,,,
32556,53,,,
20565,53,,,
440418,53,,,
571063,53,,,
558080,53,,,
115998,53,,,
562835,53,,,
56769,53,,,
427526,53,,,
44875,53,,,
8672,53,,,
17488,53,,,
146719,53,,,
557876,53,,,
506196,53,,,
564419,53,,,
64660,53,,,
503358,53,,,
373621,53,,,
384313,53,,,
25174,53,,,
52870,53,,,
85047,53,,,
25306,53,,,
13423,53,,,
2276,53,,,
73252,53,,,
518779,53,,,
513663,52,,,
13824,52,,,
512227,52,,,
383810,52,,,
153963,52,,,
24852,52,,,
23773,52,,,
84660,52,,,
1950,52,,,
22738,52,,,
95906,52,,,
150110,52,,,
152926,52,,,
528055,52,,,
18669,52,,,
19971,52,,,
6113,52,,,
132107,52,,,
78515,52,,,
28348,52,,,
412726,52,,,
134338,52,,,
520338,52,,,
6653,52,,,
516898,52,,,
51122,52,,,
194985,52,,,
28897,52,,,
98032,52,,,
5645,52,,,
4393,52,,,
14319,52,,,
797340,52,,,
38552,52,,,
12035,52,,,
504159,52,,,
11067,51,,,
26977,51,,,
166853,51,,,
1321,51,,,
61804,51,,,
11596,51,,,
179754,51,,,
526335,51,,,
71512,51,,,
1815,51,,,
82170,51,,,
572848,51,,,
69559,51,,,
162874,51,,,
56145,51,,,
83742,51,,,
160128,51,,,
888888,51,,,
416743,51,,,
29100,51,,,
19776,51,,,
402271,51,,,
409417,51,,,
568956,51,,,
31500,51,,,
28035,51,,,
507824,51,,,
194080,51,,,
458422,51,,,
79768,51,,,
31778,51,,,
421,51,,,
31747,51,,,
80947,51,,,
570564,51,,,
377587,51,,,
77615,51,,,
100832,51,,,
15348,51,,,
455352,51,,,
5500,51,,,
5503,51,,,
3079,51,,,
156992,51,,,
13178,51,,,
108589,51,,,
107508,51,,,
445239,51,,,
589077,51,,,
179168,51,,,
25588,51,,,
74575,51,,,
116716,50,,,
12431,50,,,
3769,50,,,
465443,50,,,
163120,50,,,
512012,50,,,
586180,50,,,
24951,50,,,
34241,50,,,
406871,50,,,
153445,50,,,
140178,50,,,
189332,50,,,
22721,50,,,
22868,50,,,
150800,50,,,
403915,50,,,
31070,50,,,
44333,50,,,
462009,50,,,
29043,50,,,
149377,50,,,
9728,50,,,
9844,50,,,
9877,50,,,
66196,50,,,
458323,50,,,
18677,50,,,
20954,50,,,
567125,50,,,
399202,50,,,
5186,50,,,
76281,50,,,
100990,50,,,
15200,50,,,
7908,50,,,
100814,50,,,
15356,50,,,
51193,50,,,
4209,50,,,
15847,50,,,
118065,50,,,
97106,50,,,
370818,49,,,
417972,49,,,
140210,49,,,
439000,49,,,
418981,49,,,
59378,49,,,
73650,49,,,
477133,49,,,
24881,49,,,
11493,49,,,
558692,49,,,
10647,49,,,
57224,49,,,
523951,49,,,
441958,49,,,
488791,49,,,
19688,49,,,
163652,49,,,
18595,49,,,
593871,49,,,
30336,49,,,
16017,49,,,
92887,49,,,
53280,49,,,
134120,49,,,
111487,49,,,
53414,49,,,
101972,49,,,
123696,49,,,
570440,49,,,
6786,49,,,
28722,49,,,
6914,49,,,
408773,49,,,
5771,49,,,
64774,49,,,
396314,49,,,
13145,49,,,
14754,49,,,
493049,49,,,
525720,48,,,
23036,48,,,
59632,48,,,
10362,48,,,
21083,48,,,
153486,48,,,
10589,48,,,
35933,48,,,
149629,48,,,
59951,48,,,
125607,48,,,
474403,48,,,
22750,48,,,
22840,48,,,
452862,48,,,
535674,48,,,
33870,48,,,
92256,48,,,
548563,48,,,
133181,48,,,
339,48,,,
79723,48,,,
27040,48,,,
88189,48,,,
5266,48,,,
17837,48,,,
425679,48,,,
426981,48,,,
28738,48,,,
4282,48,,,
384545,48,,,
444444,48,,,
515314,48,,,
15663,48,,,
52624,48,,,
14426,48,,,
494732,48,,,
85013,48,,,
408666,48,,,
40980,48,,,
416560,47,,,
199018,47,,,
12460,47,,,
151282,47,,,
12721,47,,,
34038,47,,,
22018,47,,,
151175,47,,,
479717,47,,,
11535,47,,,
23668,47,,,
85845,47,,,
23807,47,,,
418665,47,,,
20115,47,,,
498204,47,,,
522532,47,,,
149772,47,,,
69807,47,,,
8220,47,,,
177949,47,,,
9632,47,,,
18433,47,,,
125397,47,,,
30353,47,,,
581829,47,,,
6038,47,,,
68902,47,,,
434486,47,,,
77151,47,,,
108407,47,,,
158725,47,,,
54593,47,,,
29587,47,,,
29525,47,,,
173781,47,,,
28497,47,,,
28519,47,,,
447177,47,,,
15340,47,,,
49033,47,,,
470658,47,,,
14453,47,,,
64734,47,,,
14472,47,,,
565275,47,,,
503096,47,,,
14869,47,,,
98582,47,,,
559104,46,,,
61366,46,,,
379081,46,,,
511071,46,,,
127231,46,,,
10020,46,,,
23272,46,,,
24802,46,,,
11526,46,,,
178574,46,,,
10402,46,,,
116418,46,,,
10656,46,,,
10727,46,,,
20113,46,,,
401588,46,,,
93146,46,,,
173468,46,,,
100503,46,,,
572677,46,,,
20323,46,,,
414607,46,,,
474064,46,,,
101488,46,,,
512715,46,,,
428870,46,,,
31796,46,,,
171710,46,,,
29592,46,,,
124653,46,,,
66758,46,,,
17719,46,,,
521526,46,,,
100841,46,,,
797225,46,,,
87320,46,,,
118745,46,,,
27650,46,,,
64642,46,,,
38372,46,,,
481467,46,,,
61097,46,,,
121582,46,,,
25560,46,,,
24359,45,,,
126375,45,,,
84245,45,,,
95075,45,,,
95091,45,,,
115586,45,,,
10066,45,,,
564918,45,,,
466466,45,,,
61800,45,,,
371641,45,,,
36906,45,,,
22301,45,,,
48914,45,,,
599460,45,,,
176099,45,,,
549089,45,,,
19126,45,,,
20359,45,,,
18103,45,,,
164840,45,,,
427484,45,,,
136074,45,,,
8353,45,,,
549840,45,,,
159885,45,,,
290,45,,,
28012,45,,,
20973,45,,,
411505,45,,,
567305,45,,,
412924,45,,,
30655,45,,,
54805,45,,,
30947,45,,,
4378,45,,,
588327,45,,,
179580,45,,,
74120,45,,,
62296,45,,,
85036,45,,,
75751,45,,,
72010,44,,,
177667,44,,,
11189,44,,,
115520,44,,,
47369,44,,,
165720,44,,,
141788,44,,,
48819,44,,,
12953,44,,,
116164,44,,,
516958,44,,,
1999,44,,,
10771,44,,,
124218,44,,,
148213,44,,,
135118,44,,,
93273,44,,,
436022,44,,,
32442,44,,,
127841,44,,,
464685,44,,,
546200,44,,,
438325,44,,,
17030,44,,,
500751,44,,,
42196,44,,,
525881,44,,,
513929,44,,,
568766,44,,,
469122,44,,,
530139,44,,,
517185,44,,,
377952,44,,,
386177,44,,,
18892,44,,,
29520,44,,,
412635,44,,,
111454,44,,,
76000,44,,,
592198,44,,,
5197,44,,,
123685,44,,,
520288,44,,,
7923,44,,,
466011,44,,,
588418,44,,,
408732,44,,,
13013,44,,,
373514,44,,,
41915,44,,,
141069,44,,,
15828,44,,,
3129,44,,,
106585,44,,,
479139,44,,,
493403,44,,,
38543,44,,,
468142,44,,,
75696,44,,,
24128,44,,,
144442,44,,,
11100,43,,,
598757,43,,,
23115,43,,,
1490,43,,,
97769,43,,,
60406,43,,,
12938,43,,,
23660,43,,,
23674,43,,,
503737,43,,,
372698,43,,,
95443,43,,,
101683,43,,,
521278,43,,,
93063,43,,,
535617,43,,,
546333,43,,,
127875,43,,,
475343,43,,,
427724,43,,,
465714,43,,,
403550,43,,,
20990,43,,,
89037,43,,,
8640,43,,,
567537,43,,,
7385,43,,,
17310,43,,,
132191,43,,,
92851,43,,,
8831,43,,,
181040,43,,,
18824,43,,,
7616,43,,,
112713,43,,,
543025,43,,,
17777,43,,,
389563,43,,,
88270,43,,,
558882,43,,,
87087,43,,,
17976,43,,,
449751,43,,,
15362,43,,,
15422,43,,,
99283,43,,,
6880,43,,,
538124,43,,,
41921,43,,,
38498,43,,,
130298,43,,,
40972,43,,,
496851,43,,,
156517,43,,,
86516,43,,,
548453,42,,,
441527,42,,,
381368,42,,,
11089,42,,,
23075,42,,,
477631,42,,,
12681,42,,,
128983,42,,,
382531,42,,,
164573,42,,,
477406,42,,,
115575,42,,,
48698,42,,,
96369,42,,,
126186,42,,,
539965,42,,,
479758,42,,,
12943,42,,,
10487,42,,,
10465,42,,,
384644,42,,,
153460,42,,,
57024,42,,,
34553,42,,,
130640,42,,,
34686,42,,,
102878,42,,,
424200,42,,,
547764,42,,,
380871,42,,,
390278,42,,,
164761,42,,,
18255,42,,,
522139,42,,,
19530,42,,,
55277,42,,,
149442,42,,,
598996,42,,,
113330,42,,,
8432,42,,,
20747,42,,,
458331,42,,,
195388,42,,,
79751,42,,,
18778,42,,,
388793,42,,,
16292,42,,,
89236,42,,,
158163,42,,,
6404,42,,,
29775,42,,,
449603,42,,,
14052,42,,,
17998,42,,,
75127,42,,,
154063,42,,,
6872,42,,,
89839,42,,,
16812,42,,,
15597,42,,,
86181,42,,,
3112,42,,,
15810,42,,,
120899,42,,,
37124,42,,,
542720,42,,,
503169,42,,,
494542,42,,,
110890,42,,,
87792,42,,,
504244,42,,,
14986,42,,,
61212,42,,,
14892,42,,,
87860,42,,,
1008,41,,,
379158,41,,,
575847,41,,,
86842,41,,,
127484,41,,,
35369,41,,,
384933,41,,,
24942,41,,,
11618,41,,,
10401,41,,,
85969,41,,,
492611,41,,,
515650,41,,,
59790,41,,,
191650,41,,,
413438,41,,,
22728,41,,,
10706,41,,,
58888,41,,,
545066,41,,,
451658,41,,,
475459,41,,,
43190,41,,,
21994,41,,,
135772,41,,,
328,41,,,
20900,41,,,
469171,41,,,
79787,41,,,
5037,41,,,
5029,41,,,
54605,41,,,
90275,41,,,
88112,41,,,
531020,41,,,
17788,41,,,
5287,41,,,
28531,41,,,
28761,41,,,
419414,41,,,
51358,41,,,
52606,41,,,
397398,41,,,
110999,41,,,
13282,41,,,
419309,41,,,
591605,41,,,
40996,41,,,
144527,41,,,
4826,41,,,
127328,40,,,
428318,40,,,
538793,40,,,
98916,40,,,
418787,40,,,
564971,40,,,
142596,40,,,
21000,40,,,
104497,40,,,
21263,40,,,
153319,40,,,
563379,40,,,
19108,40,,,
463893,40,,,
521173,40,,,
148593,40,,,
56187,40,,,
32369,40,,,
32296,40,,,
21776,40,,,
113257,40,,,
149146,40,,,
69804,40,,,
101386,40,,,
9717,40,,,
55578,40,,,
53115,40,,,
460485,40,,,
506485,40,,,
496414,40,,,
122698,40,,,
7589,40,,,
15046,40,,,
506246,40,,,
41319,40,,,
30627,40,,,
53426,40,,,
27295,40,,,
108092,40,,,
147653,40,,,
77515,40,,,
519311,40,,,
411076,40,,,
436410,40,,,
480206,40,,,
75223,40,,,
98050,40,,,
87378,40,,,
16938,40,,,
116095,40,,,
165001,40,,,
177022,40,,,
5823,40,,,
407205,40,,,
566778,40,,,
106021,40,,,
133563,40,,,
49551,40,,,
374579,40,,,
116727,39,,,
87902,39,,,
102051,39,,,
23223,39,,,
35212,39,,,
176586,39,,,
104851,39,,,
152427,39,,,
167807,39,,,
10323,39,,,
128173,39,,,
23716,39,,,
428076,39,,,
72827,39,,,
11814,39,,,
23879,39,,,
562058,39,,,
84833,39,,,
546507,39,,,
125585,39,,,
21469,39,,,
22846,39,,,
21593,39,,,
19254,39,,,
83760,39,,,
43052,39,,,
81224,39,,,
67059,39,,,
500769,39,,,
524728,39,,,
8222,39,,,
9649,39,,,
19744,39,,,
411744,39,,,
170240,39,,,
18510,39,,,
9938,39,,,
460469,39,,,
18812,39,,,
609,39,,,
15044,39,,,
545830,39,,,
15000,39,,,
448688,39,,,
449934,39,,,
892,39,,,
4086,39,,,
171173,39,,,
171165,39,,,
15374,39,,,
17996,39,,,
455345,39,,,
15400,39,,,
504712,39,,,
130353,39,,,
468546,39,,,
590455,39,,,
108617,39,,,
25209,39,,,
52897,39,,,
539049,39,,,
2105,39,,,
73160,39,,,
96032,38,,,
430819,38,,,
13908,38,,,
12662,38,,,
126208,38,,,
127529,38,,,
22041,38,,,
492678,38,,,
394300,38,,,
21110,38,,,
428011,38,,,
69173,38,,,
21198,38,,,
558684,38,,,
59904,38,,,
581051,38,,,
390419,38,,,
449512,38,,,
521161,38,,,
149750,38,,,
391540,38,,,
44327,38,,,
160085,38,,,
32566,38,,,
102780,38,,,
549956,38,,,
93757,38,,,
149281,38,,,
56811,38,,,
66414,38,,,
132076,38,,,
55856,38,,,
135400,38,,,
579110,38,,,
79960,38,,,
109116,38,,,
595985,38,,,
532249,38,,,
78836,38,,,
451935,38,,,
161844,38,,,
527562,38,,,
120683,38,,,
106666,38,,,
153031,38,,,
86173,38,,,
40719,38,,,
542845,38,,,
157693,38,,,
14561,38,,,
108562,38,,,
194878,38,,,
397190,38,,,
580809,38,,,
445254,38,,,
4901,38,,,
24380,37,,,
142975,37,,,
190592,37,,,
12502,37,,,
73514,37,,,
491753,37,,,
11516,37,,,
11518,37,,,
23561,37,,,
453225,37,,,
84573,37,,,
23772,37,,,
562132,37,,,
95307,37,,,
152165,37,,,
11845,37,,,
526319,37,,,
21276,37,,,
21235,37,,,
417337,37,,,
139048,37,,,
588644,37,,,
1933,37,,,
594367,37,,,
57273,37,,,
45451,37,,,
20166,37,,,
112516,37,,,
20344,37,,,
175409,37,,,
510172,37,,,
20502,37,,,
21984,37,,,
137497,37,,,
465716,37,,,
80460,37,,,
461988,37,,,
591110,37,,,
19965,37,,,
20947,37,,,
545970,37,,,
28396,37,,,
79921,37,,,
7645,37,,,
110014,37,,,
5143,37,,,
30737,37,,,
6566,37,,,
447078,37,,,
38052,37,,,
387027,37,,,
4029,37,,,
99121,37,,,
445981,37,,,
15411,37,,,
26107,37,,,
383224,37,,,
157962,37,,,
154286,37,,,
469817,37,,,
129297,37,,,
156220,37,,,
418043,37,,,
145508,37,,,
4746,37,,,
26830,37,,,
26796,37,,,
14770,37,,,
25582,37,,,
87878,37,,,
177626,36,,,
12515,36,,,
10016,36,,,
103587,36,,,
61811,36,,,
454439,36,,,
59623,36,,,
143719,36,,,
22529,36,,,
21231,36,,,
47910,36,,,
390344,36,,,
593038,36,,,
137517,36,,,
402972,36,,,
450584,36,,,
82307,36,,,
56134,36,,,
561985,36,,,
82548,36,,,
94509,36,,,
32423,36,,,
43125,36,,,
151492,36,,,
164661,36,,,
32634,36,,,
66150,36,,,
554331,36,,,
554139,36,,,
7362,36,,,
409334,36,,,
410332,36,,,
54546,36,,,
570846,36,,,
65231,36,,,
194290,36,,,
485817,36,,,
555193,36,,,
91678,36,,,
27004,36,,,
77463,36,,,
29835,36,,,
65505,36,,,
26067,36,,,
16618,36,,,
502245,36,,,
107839,36,,,
76403,36,,,
194977,36,,,
502120,36,,,
191072,36,,,
51209,36,,,
87324,36,,,
181883,36,,,
504332,36,,,
181595,36,,,
156513,36,,,
26968,36,,,
98651,35,,,
25848,35,,,
414060,35,,,
3988,35,,,
86923,35,,,
118976,35,,,
417295,35,,,
45104,35,,,
115206,35,,,
130827,35,,,
70027,35,,,
22493,35,,,
177328,35,,,
23927,35,,,
534719,35,,,
570226,35,,,
497222,35,,,
70315,35,,,
56223,35,,,
95825,35,,,
162863,35,,,
113746,35,,,
149761,35,,,
8097,35,,,
392577,35,,,
8197,35,,,
44570,35,,,
584474,35,,,
174429,35,,,
93588,35,,,
598826,35,,,
32748,35,,,
438283,35,,,
440529,35,,,
422428,35,,,
92676,35,,,
20974,35,,,
592253,35,,,
67860,35,,,
91616,35,,,
518043,35,,,
30809,35,,,
447060,35,,,
593173,35,,,
576346,35,,,
15633,35,,,
116079,35,,,
470690,35,,,
39688,35,,,
517862,35,,,
39715,35,,,
396309,35,,,
106596,35,,,
446997,35,,,
506956,35,,,
37451,35,,,
4848,35,,,
375840,35,,,
11101,34,,,
1172,34,,,
427328,34,,,
166897,34,,,
1256,34,,,
35315,34,,,
175257,34,,,
95117,34,,,
73914,34,,,
96579,34,,,
73833,34,,,
60541,34,,,
35790,34,,,
420868,34,,,
154750,34,,,
563494,34,,,
453043,34,,,
1814,34,,,
180901,34,,,
71445,34,,,
538363,34,,,
9065,34,,,
413617,34,,,
161216,34,,,
390088,34,,,
81124,34,,,
161448,34,,,
425379,34,,,
69725,34,,,
510214,34,,,
32474,34,,,
33781,34,,,
31085,34,,,
79211,34,,,
19538,34,,,
8243,34,,,
598949,34,,,
149385,34,,,
199604,34,,,
8381,34,,,
125342,34,,,
765354,34,,,
403514,34,,,
448,34,,,
31874,34,,,
78691,34,,,
28387,34,,,
622,34,,,
8950,34,,,
570738,34,,,
376400,34,,,
15189,34,,,
799,34,,,
17745,34,,,
451997,34,,,
388390,34,,,
30993,34,,,
14048,34,,,
15334,34,,,
63147,34,,,
155408,34,,,
6821,34,,,
145938,34,,,
384552,34,,,
51235,34,,,
526137,34,,,
190017,34,,,
52615,34,,,
65933,34,,,
116028,34,,,
419222,34,,,
565382,34,,,
504456,34,,,
12068,34,,,
14786,34,,,
13638,34,,,
14924,34,,,
25526,34,,,
513515,33,,,
59249,33,,,
1324,33,,,
383943,33,,,
164486,33,,,
405711,33,,,
404160,33,,,
22208,33,,,
192815,33,,,
24921,33,,,
97808,33,,,
46292,33,,,
588715,33,,,
60848,33,,,
166643,33,,,
539692,33,,,
114985,33,,,
72941,33,,,
402837,33,,,
175945,33,,,
1917,33,,,
438758,33,,,
100219,33,,,
173541,33,,,
57675,33,,,
10966,33,,,
161430,33,,,
8094,33,,,
462077,33,,,
18164,33,,,
548727,33,,,
81489,33,,,
54049,33,,,
8364,33,,,
100000,33,,,
176917,33,,,
416875,33,,,
187594,33,,,
578297,33,,,
17235,33,,,
30351,33,,,
9929,33,,,
496745,33,,,
16143,33,,,
67723,33,,,
184952,33,,,
133371,33,,,
557918,33,,,
388439,33,,,
109173,33,,,
31971,33,,,
532358,33,,,
112615,33,,,
42812,33,,,
166165,33,,,
479255,33,,,
479253,33,,,
156764,33,,,
99260,33,,,
4215,33,,,
563064,33,,,
483982,33,,,
76736,33,,,
14494,33,,,
38525,33,,,
75603,33,,,
385278,33,,,
167122,33,,,
73274,33,,,
86525,33,,,
542489,33,,,
468029,33,,,
562736,32,,,
2391,32,,,
13773,32,,,
153643,32,,,
478982,32,,,
84175,32,,,
559037,32,,,
562520,32,,,
551879,32,,,
48520,32,,,
22113,32,,,
71024,32,,,
126153,32,,,
416198,32,,,
84587,32,,,
22280,32,,,
46214,32,,,
22401,32,,,
432831,32,,,
34371,32,,,
131979,32,,,
123065,32,,,
185249,32,,,
21422,32,,,
521260,32,,,
45487,32,,,
9228,32,,,
9283,32,,,
112466,32,,,
93260,32,,,
20456,32,,,
18120,32,,,
9648,32,,,
149310,32,,,
316,32,,,
470148,32,,,
410209,32,,,
80806,32,,,
110627,32,,,
17577,32,,,
460535,32,,,
461863,32,,,
521955,32,,,
65376,32,,,
135491,32,,,
30620,32,,,
16306,32,,,
399231,32,,,
78847,32,,,
898,32,,,
17881,32,,,
109298,32,,,
5415,32,,,
75119,32,,,
482869,32,,,
6837,32,,,
396507,32,,,
142034,32,,,
15649,32,,,
51313,32,,,
25054,32,,,
39676,32,,,
505735,32,,,
515163,32,,,
25242,32,,,
86472,32,,,
121813,32,,,
541276,32,,,
408298,32,,,
12266,32,,,
13568,32,,,
2306,31,,,
574731,31,,,
25709,31,,,
153671,31,,,
12395,31,,,
513671,31,,,
48488,31,,,
454620,31,,,
151241,31,,,
50893,31,,,
85669,31,,,
85634,31,,,
1545,31,,,
178517,31,,,
10339,31,,,
22405,31,,,
10476,31,,,
153429,31,,,
34562,31,,,
142718,31,,,
485169,31,,,
175851,31,,,
100594,31,,,
111229,31,,,
474254,31,,,
20330,31,,,
33615,31,,,
20420,31,,,
413088,31,,,
512947,31,,,
18256,31,,,
44697,31,,,
402101,31,,,
7092,31,,,
66068,31,,,
560250,31,,,
91067,31,,,
556951,31,,,
16000,31,,,
121118,31,,,
53170,31,,,
17499,31,,,
134772,31,,,
17430,31,,,
410146,31,,,
41244,31,,,
410316,31,,,
594892,31,,,
555185,31,,,
5039,31,,,
460253,31,,,
16323,31,,,
91878,31,,,
484028,31,,,
5481,31,,,
193720,31,,,
40426,31,,,
156661,31,,,
192674,31,,,
15644,31,,,
39697,31,,,
502076,31,,,
588152,31,,,
554832,31,,,
87577,31,,,
410836,31,,,
384176,31,,,
144246,31,,,
495614,31,,,
13767,30,,,
465534,30,,,
23033,30,,,
12330,30,,,
24479,30,,,
526897,30,,,
13956,30,,,
73551,30,,,
548297,30,,,
12734,30,,,
190710,30,,,
502684,30,,,
22239,30,,,
60616,30,,,
23666,30,,,
10361,30,,,
142741,30,,,
431650,30,,,
83555,30,,,
95680,30,,,
20299,30,,,
148575,30,,,
511816,30,,,
391578,30,,,
32387,30,,,
135095,30,,,
30043,30,,,
416768,30,,,
8367,30,,,
81752,30,,,
54155,30,,,
176862,30,,,
78069,30,,,
92392,30,,,
195503,30,,,
18568,30,,,
553024,30,,,
386217,30,,,
80624,30,,,
385070,30,,,
195479,30,,,
307,30,,,
53256,30,,,
390757,30,,,
109165,30,,,
8905,30,,,
8942,30,,,
518258,30,,,
411280,30,,,
412775,30,,,
448670,30,,,
6572,30,,,
40394,30,,,
245803,30,,,
6787,30,,,
107862,30,,,
133919,30,,,
157984,30,,,
156652,30,,,
28998,30,,,
14474,30,,,
40769,30,,,
591750,30,,,
15876,30,,,
431023,30,,,
5954,30,,,
170540,30,,,
52918,30,,,
26842,30,,,
590132,30,,,
14820,30,,,
469247,30,,,
24195,30,,,
4823,30,,,
155168,30,,,
14975,30,,,
25589,30,,,
2393,29,,,
12384,29,,,
550665,29,,,
1167,29,,,
585224,29,,,
439133,29,,,
84376,29,,,
1452,29,,,
12809,29,,,
552951,29,,,
500074,29,,,
11556,29,,,
116220,29,,,
48793,29,,,
105547,29,,,
117531,29,,,
24955,29,,,
502526,29,,,
418814,29,,,
154464,29,,,
539734,29,,,
21122,29,,,
72619,29,,,
564773,29,,,
23859,29,,,
59847,29,,,
94111,29,,,
35951,29,,,
124354,29,,,
499772,29,,,
148285,29,,,
162594,29,,,
19137,29,,,
162842,29,,,
20312,29,,,
34934,29,,,
58942,29,,,
31004,29,,,
440925,29,,,
595322,29,,,
20583,29,,,
94821,29,,,
55250,29,,,
512780,29,,,
69824,29,,,
92199,29,,,
176616,29,,,
101452,29,,,
148122,29,,,
56615,29,,,
200860,29,,,
597567,29,,,
18531,29,,,
123798,29,,,
19904,29,,,
17497,29,,,
16298,29,,,
53207,29,,,
29534,29,,,
15062,29,,,
8949,29,,,
113986,29,,,
399246,29,,,
30721,29,,,
496042,29,,,
158386,29,,,
507317,29,,,
595779,29,,,
89610,29,,,
498709,29,,,
521561,29,,,
63180,29,,,
63192,29,,,
107813,29,,,
527580,29,,,
181651,29,,,
16886,29,,,
28915,29,,,
88773,29,,,
118616,29,,,
132840,29,,,
49137,29,,,
63523,29,,,
64973,29,,,
52993,29,,,
494583,29,,,
24093,29,,,
482547,29,,,
373498,29,,,
75796,29,,,
420131,29,,,
157736,29,,,
488262,28,,,
96057,28,,,
453503,28,,,
10007,28,,,
439018,28,,,
549599,28,,,
501460,28,,,
153858,28,,,
190702,28,,,
131938,28,,,
130563,28,,,
539817,28,,,
503862,28,,,
405571,28,,,
130849,28,,,
72630,28,,,
513195,28,,,
453027,28,,,
504902,28,,,
95410,28,,,
72957,28,,,
21324,28,,,
557231,28,,,
10766,28,,,
45478,28,,,
45427,28,,,
45376,28,,,
148528,28,,,
584791,28,,,
186783,28,,,
69496,28,,,
573883,28,,,
438374,28,,,
8176,28,,,
81627,28,,,
94897,28,,,
586826,28,,,
17354,28,,,
529172,28,,,
6031,28,,,
8692,28,,,
90100,28,,,
412932,28,,,
80861,28,,,
8878,28,,,
77196,28,,,
76080,28,,,
8916,28,,,
158185,28,,,
7659,28,,,
17619,28,,,
110105,28,,,
135319,28,,,
30766,28,,,
30755,28,,,
15109,28,,,
121039,28,,,
516856,28,,,
515536,28,,,
51232,28,,,
38243,28,,,
420497,28,,,
87388,28,,,
445700,28,,,
4344,28,,,
493353,28,,,
41996,28,,,
542991,28,,,
494836,28,,,
431288,28,,,
194672,28,,,
15898,28,,,
445481,28,,,
85002,28,,,
372151,28,,,
530608,28,,,
434643,28,,,
578492,28,,,
132507,28,,,
4839,28,,,
25495,28,,,
121798,28,,,
114157,27,,,
190629,27,,,
176319,27,,,
187054,27,,,
151076,27,,,
2442,27,,,
24495,27,,,
11187,27,,,
477385,27,,,
1295,27,,,
513523,27,,,
13945,27,,,
73525,27,,,
12718,27,,,
10109,27,,,
10098,27,,,
23368,27,,,
22196,27,,,
405456,27,,,
23650,27,,,
416206,27,,,
467560,27,,,
21070,27,,,
465047,27,,,
478321,27,,,
59858,27,,,
21218,27,,,
72769,27,,,
45336,27,,,
162675,27,,,
112386,27,,,
47967,27,,,
534750,27,,,
83550,27,,,
448217,27,,,
19091,27,,,
69385,27,,,
100586,27,,,
10851,27,,,
162852,27,,,
69487,27,,,
149706,27,,,
32378,27,,,
21709,27,,,
20533,27,,,
32510,27,,,
94915,27,,,
137407,27,,,
81669,27,,,
8463,27,,,
460708,27,,,
593855,27,,,
495317,27,,,
160739,27,,,
469155,27,,,
517177,27,,,
107109,27,,,
18731,27,,,
410323,27,,,
144035,27,,,
158685,27,,,
8842,27,,,
169378,27,,,
80851,27,,,
518340,27,,,
6293,27,,,
135970,27,,,
435578,27,,,
65341,27,,,
55906,27,,,
531228,27,,,
125963,27,,,
30710,27,,,
29855,27,,,
544161,27,,,
51060,27,,,
520165,27,,,
521518,27,,,
111504,27,,,
28645,27,,,
469973,27,,,
16735,27,,,
442129,27,,,
4230,27,,,
407403,27,,,
74042,27,,,
406124,27,,,
52633,27,,,
542803,27,,,
5766,27,,,
118619,27,,,
15923,27,,,
590331,27,,,
157644,27,,,
38653,27,,,
109819,27,,,
108555,27,,,
14668,27,,,
516310,27,,,
385187,27,,,
194860,27,,,
169874,27,,,
75709,27,,,
179176,27,,,
74577,27,,,
86562,27,,,
397240,27,,,
537779,26,,,
2365,26,,,
96065,26,,,
163073,26,,,
574756,26,,,
476192,26,,,
562603,26,,,
166908,26,,,
11188,26,,,
23172,26,,,
572057,26,,,
11353,26,,,
3902,26,,,
477497,26,,,
10102,26,,,
34058,26,,,
96324,26,,,
479725,26,,,
405413,26,,,
1512,26,,,
192823,26,,,
24953,26,,,
129817,26,,,
35767,26,,,
33027,26,,,
552754,26,,,
454196,26,,,
103135,26,,,
405316,26,,,
154682,26,,,
10600,26,,,
101622,26,,,
82306,26,,,
413585,26,,,
95798,26,,,
9320,26,,,
83899,26,,,
68451,26,,,
164806,26,,,
93385,26,,,
114413,26,,,
9522,26,,,
438408,26,,,
151711,26,,,
100128,26,,,
549949,26,,,
136135,26,,,
8346,26,,,
174318,26,,,
8388,26,,,
81760,26,,,
499204,26,,,
19754,26,,,
8580,26,,,
7278,26,,,
43680,26,,,
529180,26,,,
55657,26,,,
183426,26,,,
78452,26,,,
54461,26,,,
170495,26,,,
531442,26,,,
7495,26,,,
18751,26,,,
132116,26,,,
65253,26,,,
77187,26,,,
119032,26,,,
449918,26,,,
567149,26,,,
135419,26,,,
6313,26,,,
7673,26,,,
447243,26,,,
109124,26,,,
531095,26,,,
110078,26,,,
17712,26,,,
112641,26,,,
17771,26,,,
803,26,,,
820,26,,,
484055,26,,,
7988,26,,,
63051,26,,,
195147,26,,,
502278,26,,,
156741,26,,,
479428,26,,,
383216,26,,,
63354,26,,,
88660,26,,,
526079,26,,,
37052,26,,,
14437,26,,,
50138,26,,,
40782,26,,,
40778,26,,,
552125,26,,,
145573,26,,,
14681,26,,,
63670,26,,,
13305,26,,,
516377,26,,,
2140,26,,,
565044,26,,,
87841,26,,,
75804,26,,,
24299,26,,,
141713,25,,,
73332,25,,,
551929,25,,,
11237,25,,,
3809,25,,,
13906,25,,,
10001,25,,,
140517,25,,,
163196,25,,,
177287,25,,,
24932,25,,,
116118,25,,,
116107,25,,,
563585,25,,,
60505,25,,,
563551,25,,,
60558,25,,,
85838,25,,,
35756,25,,,
576744,25,,,
416073,25,,,
58478,25,,,
101644,25,,,
33309,25,,,
462408,25,,,
174557,25,,,
102896,25,,,
68078,25,,,
162800,25,,,
509494,25,,,
124412,25,,,
572617,25,,,
33688,25,,,
20579,25,,,
44503,25,,,
499418,25,,,
126490,25,,,
92188,25,,,
19507,25,,,
78005,25,,,
414151,25,,,
115967,25,,,
149294,25,,,
30260,25,,,
79643,25,,,
170191,25,,,
482198,25,,,
183392,25,,,
399653,25,,,
20938,25,,,
77142,25,,,
31770,25,,,
182479,25,,,
6127,25,,,
377911,25,,,
16285,25,,,
16281,25,,,
543280,25,,,
27022,25,,,
7602,25,,,
66639,25,,,
413906,25,,,
158084,25,,,
31954,25,,,
125973,25,,,
474643,25,,,
27231,25,,,
77675,25,,,
27363,25,,,
136830,25,,,
457971,25,,,
75135,25,,,
26119,25,,,
38270,25,,,
143351,25,,,
170910,25,,,
444464,25,,,
3009,25,,,
87304,25,,,
16975,25,,,
154310,25,,,
14354,25,,,
154294,25,,,
50112,25,,,
383018,25,,,
38448,25,,,
469502,25,,,
5867,25,,,
143057,25,,,
52861,25,,,
15883,25,,,
106047,25,,,
384019,25,,,
471938,25,,,
13401,25,,,
37396,25,,,
73196,25,,,
470271,25,,,
4828,25,,,